id,name,model_id:id,group_id:id,perm_read,perm_write,perm_create,perm_unlink
custom_infocom.access_enquiry_lead,access_enquiry_lead,custom_infocom.model_enquiry_lead,base.group_user,1,1,1,1
custom_infocom.access_client_department,access_client_department,custom_infocom.model_client_department,base.group_user,1,1,1,1
custom_infocom.access_enquiry_department,access_enquiry_department,custom_infocom.model_enquiry_department,base.group_user,1,1,1,1
custom_infocom.access_sale_enquiry,access_sale_enquiry,custom_infocom.model_sale_enquiry,base.group_user,1,1,1,1
custom_infocom.access_project_estimation_line,access_project_estimation_line,custom_infocom.model_project_estimation_line,base.group_user,1,1,1,1
custom_infocom.access_project_employee,access_project_employee,custom_infocom.model_project_employee,base.group_user,1,1,1,1
custom_infocom.access_attendance_import_wizard,access_attendance_import_wizard,custom_infocom.model_attendance_import_wizard,base.group_user,1,1,1,1
custom_infocom.access_hr_attendance_report_wizard,access_hr_attendance_report_wizard,custom_infocom.model_hr_attendance_report_wizard,base.group_user,1,1,1,1